{
  "images": [
    {
      "width": 2970,
      "height": 2100,
      "id": 0,
      "file_name": "images\/90cb7a55-test.jpg"
    },
    {
      "width": 2970,
      "height": 2100,
      "id": 1,
      "file_name": "images\/d7537ea0-111.jpg"
    },
    {
      "width": 1600,
      "height": 1280,
      "id": 2,
      "file_name": "images\/5bea44ac-\u738b\u767c-\u751f\u4e4b\u5bf6_1130606-AA-\u6a21\u578b.jpg"
    },
    {
      "width": 2970,
      "height": 2100,
      "id": 3,
      "file_name": "images\/4ff5bb41-\u6c85\u8208-\u842c\u6a5f_1130304-AA-\u6a21\u578b.jpg"
    },
    {
      "width": 2970,
      "height": 2100,
      "id": 4,
      "file_name": "images\/6b80ea53-\u4eac\u5320-\u5408\u5eab\u6771\u53f0\u5357_1041204-AA-\u6a21\u578b-\u65b0\u683c\u5c40.jpg"
    },
    {
      "width": 2970,
      "height": 2100,
      "id": 5,
      "file_name": "images\/b69e3d48-\u5fe0\u7f8e-\u4e09\u4fe1\u7e3d\u884c4F_1130516-AA-\u6a21\u578b.jpg"
    },
    {
      "width": 2970,
      "height": 2100,
      "id": 6,
      "file_name": "images\/bbe98746-\u6cf0\u5b89-\u53f0\u7063\u5927\u5b782F_1130515-AA-\u6a21\u578b.jpg"
    },
    {
      "width": 2970,
      "height": 2100,
      "id": 7,
      "file_name": "images\/e08708c6-\u5f69\u7ffc-\u4e16\u8cbf\u8fa6\u516c\u5ba43F_1130514-AA-\u6a21\u578b.jpg"
    },
    {
      "width": 2970,
      "height": 2100,
      "id": 8,
      "file_name": "images\/0247fe56-\u63da\u540d-\u9673\u5c0f\u59d0_1130513-AA-\u6a21\u578b.jpg"
    },
    {
      "width": 2970,
      "height": 2100,
      "id": 9,
      "file_name": "images\/093771f1-\u5716\u4f8b1.jpg"
    },
    {
      "width": 2970,
      "height": 2100,
      "id": 10,
      "file_name": "images\/a6897b63-\u5716\u4f8b2.jpg"
    },
    {
      "width": 2970,
      "height": 2100,
      "id": 11,
      "file_name": "images\/aa4f88ae-\u8c6a\u512a-\u57fa\u9686\u8def_1130517-AA-\u6a21\u578b.jpg"
    },
    {
      "width": 2970,
      "height": 2100,
      "id": 12,
      "file_name": "images\/60376057-\u8c6a\u512a-\u8cf4\u5148\u751f_1130514-AA-\u6a21\u578b.jpg"
    },
    {
      "width": 2970,
      "height": 2100,
      "id": 13,
      "file_name": "images\/d7c692ba-\u7bc9\u54c1-\u677f\u6a4b\u6c11\u751f\u8def1130401-AA-\u6a21\u578b.jpg"
    },
    {
      "width": 2970,
      "height": 2100,
      "id": 14,
      "file_name": "images\/84716f91-\u6afb\u9304_1130513-AA-\u6a21\u578b.jpg"
    }
  ],
  "categories": [
    {
      "id": 0,
      "name": "\u4e3b\u9ad4"
    },
    {
      "id": 1,
      "name": "\u55ae\u5c64\u5f37\u5316\u5674\u7802\u73bb\u7483"
    },
    {
      "id": 2,
      "name": "\u55ae\u5c64\u5f37\u5316\u73bb\u7483"
    },
    {
      "id": 3,
      "name": "\u55ae\u9762\u73bb\u7483\u767d\u677f"
    },
    {
      "id": 4,
      "name": "\u63a8\u62c9\u9580(\u77e9\u5f62\u73bb\u7483)"
    },
    {
      "id": 5,
      "name": "\u63a8\u62c9\u9580(\u9577\u689d\u73bb\u7483)"
    },
    {
      "id": 6,
      "name": "\u7a7a\u6846"
    },
    {
      "id": 7,
      "name": "\u7a7a\u9580\u6846"
    },
    {
      "id": 8,
      "name": "\u7a97\u53f0"
    },
    {
      "id": 9,
      "name": "\u8e22\u8173\u677f"
    },
    {
      "id": 10,
      "name": "\u9580(\u5927\u73bb\u7483)"
    },
    {
      "id": 11,
      "name": "\u9580(\u7121\u73bb\u7483)"
    },
    {
      "id": 12,
      "name": "\u9580(\u77e9\u5f62\u73bb\u7483)"
    },
    {
      "id": 13,
      "name": "\u9580(\u9577\u689d\u73bb\u7483)"
    }
  ],
  "annotations": [
    {
      "id": 0,
      "image_id": 0,
      "category_id": 2,
      "segmentation": [
        [
          690.9835039124706,
          1351.1729016501781,
          690.9835039124706,
          1450.0056942094384,
          1095.6637220943064,
          1454.012429042922,
          1095.6637220943064,
          1353.8440582058338
        ]
      ],
      "bbox": [
        690.9835039124706,
        1351.1729016501781,
        404.6802181818358,
        102.83952739274378
      ],
      "ignore": 0,
      "iscrowd": 0,
      "area": 40265.917110837065
    },
    {
      "id": 1,
      "image_id": 0,
      "category_id": 2,
      "segmentation": [
        [
          1292.5515039389254,
          1352.0114238420515,
          1296.558238772409,
          1449.5086381234837,
          1570.351785727117,
          1453.5153729569672,
          1570.3517857271152,
          1450.8442164013115,
          1570.351785727117,
          1353.3470021198793
        ]
      ],
      "bbox": [
        1292.5515039389254,
        1352.0114238420515,
        277.80028178819157,
        101.50394911491571
      ],
      "ignore": 0,
      "iscrowd": 0,
      "area": 27252.427918548696
    },
    {
      "id": 2,
      "image_id": 0,
      "category_id": 2,
      "segmentation": [
        [
          1768.017370845637,
          1352.011423842051,
          1766.6817925678095,
          1449.5086381234835,
          2039.139761244689,
          1453.5153729569672,
          2040.4753395225166,
          1354.6825803977067
        ]
      ],
      "bbox": [
        1766.6817925678095,
        1352.011423842051,
        273.79354695470715,
        101.50394911491617
      ],
      "ignore": 0,
      "iscrowd": 0,
      "area": 26750.296850406565
    },
    {
      "id": 3,
      "image_id": 0,
      "category_id": 1,
      "segmentation": [
        [
          1573.0229422827724,
          1458.8576860682788,
          1574.3585205606,
          1551.0125872383996,
          1747.9836966782195,
          1553.6837437940553,
          1746.6481184003915,
          1457.5221077904507
        ]
      ],
      "bbox": [
        1573.0229422827724,
        1457.5221077904507,
        174.9607543954471,
        96.1616360036046
      ],
      "ignore": 0,
      "iscrowd": 0,
      "area": 16347.354081656784
    },
    {
      "id": 4,
      "image_id": 0,
      "category_id": 1,
      "segmentation": [
        [
          2041.8109178003447,
          1556.3549003497108,
          2037.8041829668612,
          1656.5232711867989,
          2306.2554168102574,
          1659.1944277424548,
          2306.2554168102574,
          1556.3549003497108
        ]
      ],
      "bbox": [
        2037.8041829668612,
        1556.3549003497108,
        268.45123384339627,
        102.839527392744
      ],
      "ignore": 0,
      "iscrowd": 0,
      "area": 27048.186329553835
    },
    {
      "id": 5,
      "image_id": 0,
      "category_id": 9,
      "segmentation": [
        [
          1765.3462142899814,
          1762.0339551351985,
          1764.0106360121536,
          1786.0743641360998,
          2041.8109178003447,
          1782.0676293026163,
          2036.468604689033,
          1763.3695334130266
        ]
      ],
      "bbox": [
        1764.0106360121536,
        1762.0339551351985,
        277.8002817881911,
        24.040409000901263
      ],
      "ignore": 0,
      "iscrowd": 0,
      "area": 5867.70923144836
    },
    {
      "id": 6,
      "image_id": 0,
      "category_id": 9,
      "segmentation": [
        [
          1293.8870822167535,
          1763.3695334130266,
          1293.8870822167535,
          1782.0676293026163,
          1571.6873640049444,
          1783.4032075804441,
          1570.351785727117,
          1762.0339551351985
        ]
      ],
      "bbox": [
        1293.8870822167535,
        1762.0339551351985,
        277.8002817881909,
        21.369252445245593
      ],
      "ignore": 0,
      "iscrowd": 0,
      "area": 5551.982058939524
    },
    {
      "id": 7,
      "image_id": 0,
      "category_id": 7,
      "segmentation": [
        [
          1110.3550831504126,
          1352.5084799280062,
          1109.019504872585,
          1785.2358419442264,
          1290.6581506571713,
          1779.8935288329153,
          1283.9802592680321,
          1351.1729016501781
        ]
      ],
      "bbox": [
        1109.019504872585,
        1351.1729016501781,
        181.6386457845863,
        434.0629402940483
      ],
      "ignore": 0,
      "iscrowd": 0,
      "area": 76519.24509987887
    },
    {
      "id": 8,
      "image_id": 1,
      "category_id": 0,
      "segmentation": [
        [
          335.7765776448997,
          1248.4751458916257,
          343.5982582711707,
          1363.8449351291226,
          525.4523328319708,
          1363.8449351291226,
          523.4969126754031,
          1246.519725735058
        ]
      ],
      "bbox": [
        335.7765776448997,
        1246.519725735058,
        189.6757551870711,
        117.32520939406459
      ],
      "ignore": 0,
      "iscrowd": 0,
      "area": 21504.308768513147
    },
    {
      "id": 9,
      "image_id": 1,
      "category_id": 2,
      "segmentation": [
        [
          720.9943484887452,
          1365.8003552856903,
          719.0389283321773,
          1567.2086314121677,
          529.3631731451063,
          1565.2532112556003,
          531.318593301674,
          1371.6666157553937
        ]
      ],
      "bbox": [
        529.3631731451063,
        1365.8003552856903,
        191.63117534363892,
        201.4082761264774
      ],
      "ignore": 0,
      "iscrowd": 0,
      "area": 37456.65161741711
    },
    {
      "id": 10,
      "image_id": 1,
      "category_id": 12,
      "segmentation": [
        [
          922.4026246152227,
          1359.9340948159872,
          914.5809439889517,
          1770.5723276952133,
          1129.6771612114037,
          1766.6614873820777,
          1123.8109007417004,
          1361.8895149725552
        ]
      ],
      "bbox": [
        914.5809439889517,
        1359.9340948159872,
        215.09621722245197,
        410.63823287922605
      ],
      "ignore": 0,
      "iscrowd": 0,
      "area": 84904.54768933682
    },
    {
      "id": 11,
      "image_id": 2,
      "category_id": 1,
      "segmentation": [
        [
          676.1050347660157,
          827.9912157448331,
          675.0215119086967,
          1031.6935129207905,
          770.371523352762,
          1029.5264672061526,
          771.4550462100808,
          832.3253071741087
        ]
      ],
      "bbox": [
        675.0215119086967,
        827.9912157448331,
        96.43353430138416,
        203.70229717595737
      ],
      "ignore": 0,
      "iscrowd": 0,
      "area": 19114.248638156336
    },
    {
      "id": 12,
      "image_id": 2,
      "category_id": 13,
      "segmentation": [
        [
          388.2399832411574,
          826.1028466111201,
          387.0167424300095,
          1034.6654049118233,
          479.3714236716699,
          1036.500266128545,
          480.5946644828178,
          826.1028466111201
        ]
      ],
      "bbox": [
        387.0167424300095,
        826.1028466111201,
        93.57792205280828,
        210.39741951742496
      ],
      "ignore": 0,
      "iscrowd": 0,
      "area": 19347.579840764636
    },
    {
      "id": 13,
      "image_id": 2,
      "category_id": 1,
      "segmentation": [
        [
          869.3322350185623,
          772.6992108984341,
          870.812356400051,
          827.463702013522,
          967.7603068875717,
          827.463702013522,
          967.7603068875717,
          774.179332279923
        ]
      ],
      "bbox": [
        869.3322350185623,
        772.6992108984341,
        98.42807186900939,
        54.764491115087935
      ],
      "ignore": 0,
      "iscrowd": 0,
      "area": 5276.991473366506
    },
    {
      "id": 14,
      "image_id": 2,
      "category_id": 13,
      "segmentation": [
        [
          969.02979988798,
          828.6848951195515,
          965.9716978601103,
          1031.7428697700896,
          1058.326379101771,
          1033.5777309868113,
          1053.4334158571796,
          828.6848951195515
        ]
      ],
      "bbox": [
        965.9716978601103,
        828.6848951195515,
        92.35468124166061,
        204.8928358672598
      ],
      "ignore": 0,
      "iscrowd": 0,
      "area": 18026.330974308075
    },
    {
      "id": 15,
      "image_id": 3,
      "category_id": 2,
      "segmentation": [
        [
          326.28065408642277,
          1312.4250061489547,
          326.9037112098772,
          1382.207403975858,
          411.01642287623383,
          1382.207403975858,
          409.1472515058704,
          1312.4250061489547
        ]
      ],
      "bbox": [
        326.28065408642277,
        1312.4250061489547,
        84.73576878981106,
        69.7823978269032
      ],
      "ignore": 0,
      "iscrowd": 0,
      "area": 5826.108287743526
    },
    {
      "id": 16,
      "image_id": 3,
      "category_id": 4,
      "segmentation": [
        [
          163.03968774134543,
          1309.3097205316824,
          163.66274486479992,
          1460.08954440767,
          270.2055129755184,
          1461.3356586545788,
          273.3207985927908,
          1310.5558347785914
        ]
      ],
      "bbox": [
        163.03968774134543,
        1309.3097205316824,
        110.28111085144539,
        152.02593812289638
      ],
      "ignore": 0,
      "iscrowd": 0,
      "area": 16347.885941728135
    },
    {
      "id": 17,
      "image_id": 3,
      "category_id": 1,
      "segmentation": [
        [
          493.2599631722272,
          1381.5843468524033,
          492.013848925318,
          1417.7216600127642,
          575.5035034682203,
          1416.4755457658553,
          574.8804463447657,
          1381.5843468524033
        ]
      ],
      "bbox": [
        492.013848925318,
        1381.5843468524033,
        83.48965454290231,
        36.13731316036092
      ],
      "ignore": 0,
      "iscrowd": 0,
      "area": 2931.687752468046
    },
    {
      "id": 18,
      "image_id": 3,
      "category_id": 0,
      "segmentation": [
        [
          326.28065408642277,
          1417.7216600127642,
          325.6575969629683,
          1453.2359160496703,
          407.9011372589614,
          1452.612858926216,
          408.52419438241594,
          1420.2138885065822
        ]
      ],
      "bbox": [
        325.6575969629683,
        1417.7216600127642,
        82.86659741944766,
        35.51425603690609
      ],
      "ignore": 0,
      "iscrowd": 0,
      "area": 2793.2943886232097
    },
    {
      "id": 19,
      "image_id": 3,
      "category_id": 0,
      "segmentation": [
        [
          409.1472515058704,
          1261.3343220256863,
          411.01642287623383,
          1311.8019490255003,
          490.76773467840906,
          1312.4250061489547,
          491.3907918018636,
          1260.711264902232
        ]
      ],
      "bbox": [
        409.1472515058704,
        1260.711264902232,
        82.24354029599323,
        51.71374124672275
      ],
      "ignore": 0,
      "iscrowd": 0,
      "area": 4138.213909071637
    },
    {
      "id": 20,
      "image_id": 3,
      "category_id": 0,
      "segmentation": [
        [
          581.1110175793106,
          1382.8304610993127,
          617.8713878631257,
          1380.9612897289492,
          619.1175021100348,
          1417.0986028893096,
          581.1110175793106,
          1417.0986028893096
        ]
      ],
      "bbox": [
        581.1110175793106,
        1380.9612897289492,
        38.006484530724265,
        36.13731316036046
      ],
      "ignore": 0,
      "iscrowd": 0,
      "area": 1316.5809073748533
    },
    {
      "id": 21,
      "image_id": 3,
      "category_id": 0,
      "segmentation": [
        [
          581.7340747027653,
          1261.3343220256866,
          580.4879604558562,
          1309.9327776551368,
          617.8713878631257,
          1313.0480632724095,
          617.8713878631257,
          1261.3343220256866
        ]
      ],
      "bbox": [
        580.4879604558562,
        1261.3343220256866,
        37.38342740726955,
        51.713741246722975
      ],
      "ignore": 0,
      "iscrowd": 0,
      "area": 1844.7272510235198
    },
    {
      "id": 22,
      "image_id": 3,
      "category_id": 0,
      "segmentation": [
        [
          696.376585418392,
          1418.3447171362186,
          695.7535282949375,
          1451.366744679307,
          773.0126116032947,
          1453.858973173125,
          773.635668726749,
          1417.0986028893096
        ]
      ],
      "bbox": [
        695.7535282949375,
        1417.0986028893096,
        77.88214043181154,
        36.76037028381529
      ],
      "ignore": 0,
      "iscrowd": 0,
      "area": 2696.0502437623218
    },
    {
      "id": 23,
      "image_id": 3,
      "category_id": 1,
      "segmentation": [
        [
          779.866239961294,
          1384.0765753462215,
          779.2431828378395,
          1418.9677742596732,
          883.29372245474,
          1417.09860288931,
          885.1628938251034,
          1380.9612897289492
        ]
      ],
      "bbox": [
        779.2431828378395,
        1380.9612897289492,
        105.9197109872639,
        38.00648453072404
      ],
      "ignore": 0,
      "iscrowd": 0,
      "area": 3714.299313507974
    },
    {
      "id": 24,
      "image_id": 3,
      "category_id": 2,
      "segmentation": [
        [
          698.2457567887554,
          1314.2941775193183,
          696.9996425418465,
          1381.5843468524038,
          773.0126116032947,
          1381.5843468524038,
          772.3895544798402,
          1313.0480632724095
        ]
      ],
      "bbox": [
        696.9996425418465,
        1313.0480632724095,
        76.01296906144819,
        68.53628357999423
      ],
      "ignore": 0,
      "iscrowd": 0,
      "area": 5098.621152133681
    },
    {
      "id": 25,
      "image_id": 3,
      "category_id": 3,
      "segmentation": [
        [
          889.5242936892851,
          1311.178891902046,
          890.1473508127394,
          1377.2229469882222,
          1030.958260713455,
          1381.5843468524038,
          1029.712146466546,
          1313.6711203958637
        ]
      ],
      "bbox": [
        889.5242936892851,
        1311.178891902046,
        141.43396702417,
        70.40545495035781
      ],
      "ignore": 0,
      "iscrowd": 0,
      "area": 9407.254939824343
    },
    {
      "id": 26,
      "image_id": 3,
      "category_id": 3,
      "segmentation": [
        [
          1812.3036398379977,
          1312.7014325259345,
          1812.926696961452,
          1381.2377161059287,
          1953.7376068621677,
          1381.8607732293835,
          1953.7376068621677,
          1313.324489649389
        ]
      ],
      "bbox": [
        1812.3036398379977,
        1312.7014325259345,
        141.43396702417,
        69.15934070344906
      ],
      "ignore": 0,
      "iscrowd": 0,
      "area": 9671.813361871988
    },
    {
      "id": 27,
      "image_id": 3,
      "category_id": 9,
      "segmentation": [
        [
          1812.926696961452,
          1454.1353995501047,
          1812.926696961452,
          1461.6120850315588,
          1954.360663985622,
          1462.235142155013,
          1954.9837211090764,
          1452.8892853031957
        ]
      ],
      "bbox": [
        1812.926696961452,
        1452.8892853031957,
        142.05702414762436,
        9.345856851817189
      ],
      "ignore": 0,
      "iscrowd": 0,
      "area": 1192.1627499777824
    },
    {
      "id": 28,
      "image_id": 3,
      "category_id": 9,
      "segmentation": [
        [
          2154.3620006145147,
          1455.3815137970137,
          2153.73894349106,
          1460.989027908104,
          2222.8982841945094,
          1461.6120850315588,
          2222.8982841945094,
          1453.51234242665
        ]
      ],
      "bbox": [
        2153.73894349106,
        1453.51234242665,
        69.15934070344929,
        8.09974260490867
      ],
      "ignore": 0,
      "iscrowd": 0,
      "area": 471.66321759019047
    },
    {
      "id": 29,
      "image_id": 3,
      "category_id": 4,
      "segmentation": [
        [
          2332.3864132524664,
          1312.4465455208854,
          2333.51924438602,
          1460.2810084496334,
          2436.6068775394,
          1459.1481773160795,
          2436.0404619726232,
          1313.0129610876622
        ]
      ],
      "bbox": [
        2332.3864132524664,
        1312.4465455208854,
        104.22046428693375,
        147.83446292874805
      ],
      "ignore": 0,
      "iscrowd": 0,
      "area": 15194.187092140317
    },
    {
      "id": 30,
      "image_id": 3,
      "category_id": 4,
      "segmentation": [
        [
          2441.704617640391,
          1311.8801299541085,
          2441.1382020736146,
          1459.1481773160795,
          2545.9250819273248,
          1461.4138395831867,
          2545.3586663605483,
          1311.8801299541085
        ]
      ],
      "bbox": [
        2441.1382020736146,
        1311.8801299541085,
        104.78687985371016,
        149.5337096290782
      ],
      "ignore": 0,
      "iscrowd": 0,
      "area": 15466.408457392827
    },
    {
      "id": 31,
      "image_id": 3,
      "category_id": 9,
      "segmentation": [
        [
          2646.180637246821,
          1453.4840216483115,
          2645.6142216800436,
          1460.2810084496332,
          2707.919934025493,
          1460.2810084496332,
          2709.6191807258238,
          1454.6168527818652
        ]
      ],
      "bbox": [
        2645.6142216800436,
        1453.4840216483115,
        64.0049590457802,
        6.7969868013217365
      ],
      "ignore": 0,
      "iscrowd": 0,
      "area": 392.3709248136729
    },
    {
      "id": 32,
      "image_id": 3,
      "category_id": 3,
      "segmentation": [
        [
          1009.069307818676,
          1676.6517549583752,
          1009.6357233854528,
          1745.1880385383695,
          1150.673199512879,
          1747.4537008054767,
          1149.5403683793254,
          1676.0853393915986
        ]
      ],
      "bbox": [
        1009.069307818676,
        1676.0853393915986,
        141.60389169420296,
        71.36836141387812
      ],
      "ignore": 0,
      "iscrowd": 0,
      "area": 9845.366112185642
    },
    {
      "id": 33,
      "image_id": 3,
      "category_id": 2,
      "segmentation": [
        [
          758.713627303325,
          1676.6517549583752,
          758.713627303325,
          1744.6216229715926,
          840.8438844859625,
          1744.6216229715926,
          840.8438844859625,
          1676.6517549583752
        ]
      ],
      "bbox": [
        758.713627303325,
        1676.6517549583752,
        82.13025718263748,
        67.96986801321736
      ],
      "ignore": 0,
      "iscrowd": 0,
      "area": 5582.382740595378
    },
    {
      "id": 34,
      "image_id": 3,
      "category_id": 2,
      "segmentation": [
        [
          631.8365403453189,
          1677.2181705251521,
          631.8365403453189,
          1746.3208696719234,
          719.6309531957248,
          1745.7544541051461,
          720.7637843292785,
          1676.6517549583752
        ]
      ],
      "bbox": [
        631.8365403453189,
        1676.6517549583752,
        88.92724398395956,
        69.6691147135482
      ],
      "ignore": 0,
      "iscrowd": 0,
      "area": 6105.650915877894
    },
    {
      "id": 35,
      "image_id": 3,
      "category_id": 9,
      "segmentation": [
        [
          398.41503722249973,
          1817.712962551461,
          398.15080018033274,
          1827.225496069475,
          473.98683128227947,
          1826.4327849429742,
          474.2510683244465,
          1817.977199593628
        ]
      ],
      "bbox": [
        398.15080018033274,
        1817.712962551461,
        76.10026814411378,
        9.512533518013925
      ],
      "ignore": 0,
      "iscrowd": 0,
      "area": 681.2455894197337
    },
    {
      "id": 36,
      "image_id": 3,
      "category_id": 0,
      "segmentation": [
        [
          630.0953176336827,
          1783.217393625071,
          630.313695354482,
          1818.376206673746,
          721.1588272069595,
          1817.939451232148,
          721.8139603693571,
          1783.217393625071
        ]
      ],
      "bbox": [
        630.0953176336827,
        1783.217393625071,
        91.7186427356744,
        35.15881304867503
      ],
      "ignore": 0,
      "iscrowd": 0,
      "area": 3189.3811907758936
    },
    {
      "id": 37,
      "image_id": 3,
      "category_id": 1,
      "segmentation": [
        [
          550.8349080567397,
          1747.6435865784663,
          550.0408072538333,
          1783.1795975085217,
          626.6715347342886,
          1783.1795975085217,
          626.0759591321089,
          1747.0480109762866
        ]
      ],
      "bbox": [
        550.0408072538333,
        1747.0480109762866,
        76.63072748045522,
        36.13158653223513
      ],
      "ignore": 0,
      "iscrowd": 0,
      "area": 2721.04181366344
    },
    {
      "id": 38,
      "image_id": 3,
      "category_id": 0,
      "segmentation": [
        [
          1007.033642027419,
          1782.9282457990762,
          1007.5485652699433,
          1817.9430262907338,
          1148.637533721622,
          1817.9430262907338,
          1148.637533721622,
          1782.9282457990762
        ]
      ],
      "bbox": [
        1007.033642027419,
        1782.9282457990762,
        141.60389169420307,
        35.014780491657575
      ],
      "ignore": 0,
      "iscrowd": 0,
      "area": 4949.214222283568
    },
    {
      "id": 39,
      "image_id": 3,
      "category_id": 4,
      "segmentation": [
        [
          1228.3146180973692,
          1675.3430695086543,
          1227.3783940200522,
          1825.1389218793818,
          1331.2992666022442,
          1827.0113700340157,
          1331.2992666022442,
          1675.811181547313
        ]
      ],
      "bbox": [
        1227.3783940200522,
        1675.3430695086543,
        103.92087258219203,
        151.66830052536147
      ],
      "ignore": 0,
      "iscrowd": 0,
      "area": 15569.983491889201
    },
    {
      "id": 40,
      "image_id": 3,
      "category_id": 3,
      "segmentation": [
        [
          2379.2725248058723,
          1676.8070530986872,
          2379.2725248058723,
          1747.1469537235591,
          2522.4142225774867,
          1747.1469537235591,
          2521.7108235712376,
          1676.8070530986872
        ]
      ],
      "bbox": [
        2379.2725248058723,
        1676.8070530986872,
        143.14169777161442,
        70.33990062487192
      ],
      "ignore": 0,
      "iscrowd": 0,
      "area": 10043.8342884304
    },
    {
      "id": 41,
      "image_id": 3,
      "category_id": 1,
      "segmentation": [
        [
          2614.6293324989983,
          1702.8235402680484,
          2612.9707544363628,
          1781.605998243252,
          2698.3875246621096,
          1783.264576305888,
          2696.7289465994736,
          1701.9942512367306
        ]
      ],
      "bbox": [
        2612.9707544363628,
        1701.9942512367306,
        85.41677022574686,
        81.27032506915748
      ],
      "ignore": 0,
      "iscrowd": 0,
      "area": 6702.865879235789
    },
    {
      "id": 42,
      "image_id": 3,
      "category_id": 0,
      "segmentation": [
        [
          2697.5582356307914,
          1625.699660355481,
          2699.2168136934274,
          1672.969135140603,
          2782.1457168252214,
          1674.6277132032394,
          2781.316427793903,
          1624.870371324163
        ]
      ],
      "bbox": [
        2697.5582356307914,
        1624.870371324163,
        84.58748119442998,
        49.75734187907642
      ],
      "ignore": 0,
      "iscrowd": 0,
      "area": 4042.763768643141
    },
    {
      "id": 43,
      "image_id": 3,
      "category_id": 4,
      "segmentation": [
        [
          2713.6742994108213,
          1311.7995132823257,
          2711.6182109034216,
          1459.8378858151136,
          2819.2201761240126,
          1460.5232486509135,
          2819.9055389598125,
          1311.7995132823257
        ]
      ],
      "bbox": [
        2711.6182109034216,
        1311.7995132823257,
        108.28732805639083,
        148.72373536858777
      ],
      "ignore": 0,
      "iscrowd": 0,
      "area": 15864.867868898436
    },
    {
      "id": 44,
      "image_id": 4,
      "category_id": 7,
      "segmentation": [
        [
          503.91368422444464,
          1351.907469702984,
          506.85195643566584,
          1785.3026208581182,
          690.4939696369942,
          1783.8334847525075,
          691.9631057426047,
          1354.8457419142048
        ]
      ],
      "bbox": [
        503.91368422444464,
        1351.907469702984,
        188.0494215181601,
        433.3951511551343
      ],
      "ignore": 0,
      "iscrowd": 0,
      "area": 80134.54419626691
    },
    {
      "id": 45,
      "image_id": 4,
      "category_id": 2,
      "segmentation": [
        [
          274.72845174918706,
          1351.907469702984,
          409.8889734653646,
          1350.4383335973732,
          414.29638178219653,
          1453.2778609901172,
          276.19758785479763,
          1454.7469970957277
        ]
      ],
      "bbox": [
        274.72845174918706,
        1350.4383335973732,
        139.56793003300947,
        104.30866349835446
      ],
      "ignore": 0,
      "iscrowd": 0,
      "area": 14055.246160018723
    },
    {
      "id": 46,
      "image_id": 4,
      "category_id": 1,
      "segmentation": [
        [
          277.66672396040826,
          1557.5865244884712,
          411.3581095709753,
          1556.1173883828606,
          412.82724567658585,
          1658.956915775605,
          274.72845174918706,
          1660.4260518812152
        ]
      ],
      "bbox": [
        274.72845174918706,
        1556.1173883828606,
        138.0987939273988,
        104.30866349835469
      ],
      "ignore": 0,
      "iscrowd": 0,
      "area": 13974.307626388269
    },
    {
      "id": 47,
      "image_id": 4,
      "category_id": 9,
      "segmentation": [
        [
          1764.4324628383615,
          1760.6295596039456,
          1764.4324628383615,
          1787.0740095049366,
          2042.09918679877,
          1788.5431456105473,
          2040.6300506931595,
          1759.160423498335
        ]
      ],
      "bbox": [
        1764.4324628383615,
        1759.160423498335,
        277.6667239604085,
        29.382722112212377
      ],
      "ignore": 0,
      "iscrowd": 0,
      "area": 7730.169551920146
    },
    {
      "id": 48,
      "image_id": 4,
      "category_id": 9,
      "segmentation": [
        [
          1571.97563300337,
          1760.6295596039456,
          1569.0373607921485,
          1784.1357372937157,
          1752.6793739934765,
          1785.6048733993262,
          1749.7411017822556,
          1762.0986957095558
        ]
      ],
      "bbox": [
        1569.0373607921485,
        1760.6295596039456,
        183.64201320132793,
        24.975313795380544
      ],
      "ignore": 0,
      "iscrowd": 0,
      "area": 4247.654244920239
    },
    {
      "id": 49,
      "image_id": 4,
      "category_id": 1,
      "segmentation": [
        [
          1294.3089090429614,
          1559.3579131352894,
          1300.185453465404,
          1654.8517599999802,
          1569.0373607921485,
          1654.8517599999802,
          1566.0990885809272,
          1557.8887770296792
        ]
      ],
      "bbox": [
        1294.3089090429614,
        1557.8887770296792,
        274.7284517491871,
        96.96298297030103
      ],
      "ignore": 0,
      "iscrowd": 0,
      "area": 26015.803069685586
    },
    {
      "id": 50,
      "image_id": 5,
      "category_id": 0,
      "segmentation": [
        [
          174.27866923544687,
          873.6280108223511,
          305.868333709036,
          872.2572851507513,
          305.868333709036,
          990.1396929083414,
          173.59330639964693,
          990.8250557441414
        ]
      ],
      "bbox": [
        173.59330639964693,
        872.2572851507513,
        132.27502730938906,
        118.56777059339015
      ],
      "ignore": 0,
      "iscrowd": 0,
      "area": 15506.939539776416
    },
    {
      "id": 51,
      "image_id": 5,
      "category_id": 12,
      "segmentation": [
        [
          581.3841937006132,
          871.5719223149515,
          704.064141308803,
          870.8865594791516,
          705.4348669804028,
          1125.8415343967304,
          581.3841937006132,
          1123.7854458893303
        ]
      ],
      "bbox": [
        581.3841937006132,
        870.8865594791516,
        124.05067327978963,
        254.95497491757874
      ],
      "ignore": 0,
      "iscrowd": 0,
      "area": 31283.029909719247
    },
    {
      "id": 52,
      "image_id": 5,
      "category_id": 2,
      "segmentation": [
        [
          713.659221010002,
          872.2572851507515,
          837.0245314539918,
          871.5719223149515,
          837.7098942897916,
          990.1396929083414,
          712.9738581742022,
          991.5104185799414
        ]
      ],
      "bbox": [
        712.9738581742022,
        871.5719223149515,
        124.7360361155894,
        119.93849626498991
      ],
      "ignore": 0,
      "iscrowd": 0,
      "area": 14750.921632004669
    },
    {
      "id": 53,
      "image_id": 5,
      "category_id": 9,
      "segmentation": [
        [
          1346.9344812891495,
          1110.7635520091317,
          1346.2491184533494,
          1124.4708087251304,
          1222.1984451735598,
          1124.4708087251304,
          1222.8838080093599,
          1108.0221006659317
        ]
      ],
      "bbox": [
        1222.1984451735598,
        1108.0221006659317,
        124.73603611558974,
        16.44870805919868
      ],
      "ignore": 0,
      "iscrowd": 0,
      "area": 1871.3733113156632
    },
    {
      "id": 54,
      "image_id": 5,
      "category_id": 3,
      "segmentation": [
        [
          1325.5818669468185,
          1520.7637483417968,
          1459.1396947296025,
          1519.6599646411125,
          1462.451045831655,
          1639.9723880156869,
          1325.5818669468185,
          1637.764820614319
        ]
      ],
      "bbox": [
        1325.5818669468185,
        1519.6599646411125,
        136.8691788848364,
        120.31242337457434
      ],
      "ignore": 0,
      "iscrowd": 0,
      "area": 16043.080813573673
    },
    {
      "id": 55,
      "image_id": 6,
      "category_id": 6,
      "segmentation": [
        [
          1250.0540486768475,
          1028.5230224820218,
          1250.0540486768475,
          1120.6378563038081,
          1592.6565885052455,
          1115.789707155293,
          1591.040538789074,
          1034.9872213467088
        ]
      ],
      "bbox": [
        1250.0540486768475,
        1028.5230224820218,
        342.602539828398,
        92.1148338217863
      ],
      "ignore": 0,
      "iscrowd": 0,
      "area": 29550.442792342976
    },
    {
      "id": 56,
      "image_id": 6,
      "category_id": 6,
      "segmentation": [
        [
          713.525542907847,
          1028.5230224820218,
          711.9094931916754,
          1119.0218065876363,
          978.557696360004,
          1115.789707155293,
          981.7897957923474,
          1030.1390721981936
        ]
      ],
      "bbox": [
        711.9094931916754,
        1028.5230224820218,
        269.88030260067194,
        90.4987841056145
      ],
      "ignore": 0,
      "iscrowd": 0,
      "area": 23554.17088326509
    },
    {
      "id": 57,
      "image_id": 6,
      "category_id": 2,
      "segmentation": [
        [
          440.4131408748316,
          1430.9194018087726,
          438.79709115865995,
          1579.5959756965678,
          713.525542907847,
          1581.2120254127396,
          710.2934434755036,
          1429.3033520926006
        ]
      ],
      "bbox": [
        438.79709115865995,
        1429.3033520926006,
        274.72845174918706,
        151.9086733201391
      ],
      "ignore": 0,
      "iscrowd": 0,
      "area": 40925.33926446433
    },
    {
      "id": 58,
      "image_id": 6,
      "category_id": 1,
      "segmentation": [
        [
          710.2934434755036,
          1277.3946787724622,
          711.9094931916754,
          1427.6873023764292,
          976.9416466438322,
          1429.3033520926006,
          981.7897957923473,
          1277.3946787724622
        ]
      ],
      "bbox": [
        710.2934434755036,
        1277.3946787724622,
        271.4963523168436,
        151.9086733201384
      ],
      "ignore": 0,
      "iscrowd": 0,
      "area": 40536.2083783783
    },
    {
      "id": 59,
      "image_id": 6,
      "category_id": 5,
      "segmentation": [
        [
          1088.4490770596788,
          1125.4860054523233,
          1091.681176492022,
          1737.9688478813932,
          1605.584986234619,
          1737.9688478813932,
          1595.888687937589,
          1120.6378563038083
        ]
      ],
      "bbox": [
        1088.4490770596788,
        1120.6378563038083,
        517.1359091749403,
        617.3309915775849
      ],
      "ignore": 0,
      "iscrowd": 0,
      "area": 314031.2366878046
    },
    {
      "id": 60,
      "image_id": 7,
      "category_id": 10,
      "segmentation": [
        [
          2079.134999403899,
          1335.9351676622334,
          2267.330120370549,
          1335.9351676622334,
          2267.330120370549,
          1743.8936234351013,
          2077.9208373331467,
          1740.251137222844
        ]
      ],
      "bbox": [
        2077.9208373331467,
        1335.9351676622334,
        189.40928303740247,
        407.95845577286786
      ],
      "ignore": 0,
      "iscrowd": 0,
      "area": 76680.70570859592
    },
    {
      "id": 61,
      "image_id": 7,
      "category_id": 2,
      "segmentation": [
        [
          2285.5425514318385,
          1339.5776538744913,
          2481.0226448230037,
          1339.5776538744913,
          2482.2368068937567,
          1715.9678958077918,
          2283.1142272903335,
          1717.1820578785446
        ]
      ],
      "bbox": [
        2283.1142272903335,
        1339.5776538744913,
        199.12257960342322,
        377.6044040040533
      ],
      "ignore": 0,
      "iscrowd": 0,
      "area": 74381.70713023841
    },
    {
      "id": 62,
      "image_id": 7,
      "category_id": 9,
      "segmentation": [
        [
          2485.8792931060143,
          1718.396219949297,
          2482.2368068937567,
          1740.251137222844,
          2680.145224426428,
          1742.6794613643488,
          2682.573548567933,
          1714.7537337370395
        ]
      ],
      "bbox": [
        2482.2368068937567,
        1714.7537337370395,
        200.3367416741762,
        27.925727627309243
      ],
      "ignore": 0,
      "iscrowd": 0,
      "area": 4909.051148399711
    },
    {
      "id": 63,
      "image_id": 8,
      "category_id": 10,
      "segmentation": [
        [
          833.0845263167569,
          1465.5152691418493,
          964.4439088775172,
          1465.5152691418493,
          968.092780615316,
          1775.669366854756,
          834.9089621856564,
          1777.493802723655
        ]
      ],
      "bbox": [
        833.0845263167569,
        1465.5152691418493,
        135.0082542985591,
        311.9785335818058
      ],
      "ignore": 0,
      "iscrowd": 0,
      "area": 41147.73585550394
    },
    {
      "id": 64,
      "image_id": 8,
      "category_id": 2,
      "segmentation": [
        [
          638.7821062789654,
          1466.4274870762995,
          638.7821062789654,
          1654.3443815729422,
          729.0916817894883,
          1657.0810353762915,
          731.8283355928374,
          1466.4274870762995
        ]
      ],
      "bbox": [
        638.7821062789654,
        1466.4274870762995,
        93.046229313872,
        190.65354829999205
      ],
      "ignore": 0,
      "iscrowd": 0,
      "area": 17355.144373936113
    },
    {
      "id": 65,
      "image_id": 8,
      "category_id": 1,
      "segmentation": [
        [
          731.8283355928374,
          1659.817689179641,
          732.7405535272871,
          1757.4250081657613,
          822.1379111033602,
          1759.2494440346602,
          822.1379111033602,
          1659.817689179641
        ]
      ],
      "bbox": [
        731.8283355928374,
        1659.817689179641,
        90.30957551052279,
        99.43175485501911
      ],
      "ignore": 0,
      "iscrowd": 0,
      "area": 8851.905843773391
    },
    {
      "id": 66,
      "image_id": 8,
      "category_id": 0,
      "segmentation": [
        [
          499.3952058950475,
          1466.4730979730218,
          498.3917661671529,
          1655.1197668172242,
          629.8423705213582,
          1656.1232065451195,
          629.8423705213582,
          1467.4765377009167
        ]
      ],
      "bbox": [
        498.3917661671529,
        1466.4730979730218,
        131.45060435420532,
        189.65010857209768
      ],
      "ignore": 0,
      "iscrowd": 0,
      "area": 24703.57429359504
    },
    {
      "id": 67,
      "image_id": 8,
      "category_id": 0,
      "segmentation": [
        [
          978.035956100818,
          1658.1300860009087,
          1136.5794331081797,
          1658.1300860009087,
          1137.5828728360746,
          1758.4740587903782,
          976.0290766450286,
          1762.487817701957
        ]
      ],
      "bbox": [
        976.0290766450286,
        1658.1300860009087,
        161.553796191046,
        104.35773170104835
      ],
      "ignore": 0,
      "iscrowd": 0,
      "area": 16380.107465332374
    },
    {
      "id": 68,
      "image_id": 8,
      "category_id": 9,
      "segmentation": [
        [
          639.8767678003051,
          1760.4809382461676,
          638.8733280724103,
          1778.5428533482723,
          731.1897830387226,
          1776.5359738924833,
          728.1794638550383,
          1760.4809382461676
        ]
      ],
      "bbox": [
        638.8733280724103,
        1760.4809382461676,
        92.31645496631222,
        18.06191510210465
      ],
      "ignore": 0,
      "iscrowd": 0,
      "area": 1541.5505611887202
    },
    {
      "id": 69,
      "image_id": 8,
      "category_id": 2,
      "segmentation": [
        [
          1844.9231359557252,
          1409.9383458746033,
          1842.2519794000698,
          1466.0326335433726,
          1954.4405547376086,
          1466.0326335433726,
          1955.7761330154362,
          1409.9383458746033
        ]
      ],
      "bbox": [
        1842.2519794000698,
        1409.9383458746033,
        113.52415361536646,
        56.09428766876931
      ],
      "ignore": 0,
      "iscrowd": 0,
      "area": 6255.679062073119
    },
    {
      "id": 70,
      "image_id": 8,
      "category_id": 10,
      "segmentation": [
        [
          1969.1319157937146,
          1466.0326335433726,
          2101.354165298671,
          1464.697055265545,
          2098.6830087430153,
          1778.5579505550875,
          1967.7963375158865,
          1774.551215721604
        ]
      ],
      "bbox": [
        1967.7963375158865,
        1464.697055265545,
        133.55782778278444,
        313.86089528954244
      ],
      "ignore": 0,
      "iscrowd": 0,
      "area": 40941.07380459085
    },
    {
      "id": 71,
      "image_id": 8,
      "category_id": 1,
      "segmentation": [
        [
          1732.7345606181866,
          1657.0203272727542,
          1730.063404062531,
          1754.5175415541862,
          1840.9164011222417,
          1759.8598546654978,
          1842.2519794000698,
          1661.0270621062375
        ]
      ],
      "bbox": [
        1730.063404062531,
        1657.0203272727542,
        112.18857533753885,
        102.83952739274355
      ],
      "ignore": 0,
      "iscrowd": 0,
      "area": 10825.696101430804
    },
    {
      "id": 72,
      "image_id": 8,
      "category_id": 9,
      "segmentation": [
        [
          2216.2138971918657,
          1759.8598546654978,
          2216.1244331609464,
          1776.4203870919675,
          2331.1630931159775,
          1777.5770373079577,
          2330.8947010232223,
          1759.7703906345787
        ]
      ],
      "bbox": [
        2216.1244331609464,
        1759.7703906345787,
        115.03865995503111,
        17.806646673378964
      ],
      "ignore": 0,
      "iscrowd": 0,
      "area": 1973.6547512765974
    },
    {
      "id": 73,
      "image_id": 9,
      "category_id": 0,
      "segmentation": [
        [
          1383.5262506276524,
          908.6764523207856,
          1378.1932865642857,
          1299.7604836343344,
          1772.8326272534123,
          1299.7604836343344,
          1772.8326272534123,
          910.4541070085744
        ]
      ],
      "bbox": [
        1378.1932865642857,
        908.6764523207856,
        394.6393406891266,
        391.08403131354873
      ],
      "ignore": 0,
      "iscrowd": 0,
      "area": 152948.29957655165
    },
    {
      "id": 74,
      "image_id": 9,
      "category_id": 0,
      "segmentation": [
        [
          599.5805333127663,
          755.798149170944,
          992.4422193141035,
          754.0204944831553,
          992.4422193141035,
          908.6764523207856,
          601.3581880005551,
          906.8987976329968
        ]
      ],
      "bbox": [
        599.5805333127663,
        754.0204944831553,
        392.86168600133715,
        154.65595783763035
      ],
      "ignore": 0,
      "iscrowd": 0,
      "area": 59924.14551234245
    },
    {
      "id": 75,
      "image_id": 9,
      "category_id": 9,
      "segmentation": [
        [
          601.3581880005551,
          1691.139421808563,
          988.886909938526,
          1691.139421808563,
          990.6645646263147,
          1739.136098378862,
          599.5805333127663,
          1739.136098378862
        ]
      ],
      "bbox": [
        599.5805333127663,
        1691.139421808563,
        391.0840313135484,
        47.99667657029909
      ],
      "ignore": 0,
      "iscrowd": 0,
      "area": 18685.412245661486
    },
    {
      "id": 76,
      "image_id": 10,
      "category_id": 11,
      "segmentation": [
        [
          1379.384315205104,
          913.4139020637429,
          1777.3123170666402,
          906.9610155470695,
          1773.010392722191,
          1743.6853005424066,
          1379.384315205104,
          1739.3833761979577
        ]
      ],
      "bbox": [
        1379.384315205104,
        906.9610155470695,
        397.92800186153613,
        836.7242849953371
      ],
      "ignore": 0,
      "iscrowd": 0,
      "area": 329025.69362996053
    },
    {
      "id": 77,
      "image_id": 10,
      "category_id": 0,
      "segmentation": [
        [
          2164.485508067053,
          909.111977719294,
          2555.960623411915,
          906.9610155470695,
          2551.6586990674664,
          1296.2851687197071,
          2164.485508067053,
          1304.8890174086052
        ]
      ],
      "bbox": [
        2164.485508067053,
        906.9610155470695,
        391.47511534486193,
        397.9280018615358
      ],
      "ignore": 0,
      "iscrowd": 0,
      "area": 152817.8619372379
    },
    {
      "id": 78,
      "image_id": 10,
      "category_id": 9,
      "segmentation": [
        [
          2160.1835837226035,
          1689.911246236794,
          2551.6586990674664,
          1687.7602840645693,
          2551.6586990674664,
          1745.8362627146316,
          2162.334545894829,
          1735.0814518535087
        ]
      ],
      "bbox": [
        2160.1835837226035,
        1687.7602840645693,
        391.47511534486284,
        58.075978650062325
      ],
      "ignore": 0,
      "iscrowd": 0,
      "area": 20149.009649913758
    },
    {
      "id": 79,
      "image_id": 11,
      "category_id": 11,
      "segmentation": [
        [
          719.979737616766,
          659.1408420044562,
          722.345796006213,
          1598.4660226149028,
          1115.11148865441,
          1603.198139393797,
          1112.745430264963,
          654.4087252255622
        ]
      ],
      "bbox": [
        719.979737616766,
        654.4087252255622,
        395.1317510376441,
        948.7894141682348
      ],
      "ignore": 0,
      "iscrowd": 0,
      "area": 370793.3183087094
    },
    {
      "id": 80,
      "image_id": 11,
      "category_id": 1,
      "segmentation": [
        [
          509.4005409559858,
          950.1660239064333,
          502.3023657876447,
          661.506900393903,
          712.881562448425,
          663.8729587833501,
          715.2476208378721,
          954.8981406853275
        ]
      ],
      "bbox": [
        502.3023657876447,
        661.506900393903,
        212.9452550502274,
        293.3912402914244
      ],
      "ignore": 0,
      "iscrowd": 0,
      "area": 60332.14952158951
    },
    {
      "id": 81,
      "image_id": 11,
      "category_id": 9,
      "segmentation": [
        [
          525.9629496821144,
          1544.0466796576227,
          521.2308329032205,
          1589.001789057115,
          717.613679227319,
          1593.733905836009,
          715.2476208378721,
          1539.3145628787288
        ]
      ],
      "bbox": [
        521.2308329032205,
        1539.3145628787288,
        196.38284632409852,
        54.41934295728015
      ],
      "ignore": 0,
      "iscrowd": 0,
      "area": 9581.374585339101
    },
    {
      "id": 82,
      "image_id": 12,
      "category_id": 2,
      "segmentation": [
        [
          1464.8945418822843,
          817.232996222765,
          1567.8791903871593,
          816.7648841841066,
          1567.4110783485007,
          1051.2890155520263,
          1463.9583178049675,
          1049.8846794360506
        ]
      ],
      "bbox": [
        1463.9583178049675,
        816.7648841841066,
        103.9208725821918,
        234.52413136791972
      ],
      "ignore": 0,
      "iscrowd": 0,
      "area": 24110.969876376912
    },
    {
      "id": 83,
      "image_id": 12,
      "category_id": 2,
      "segmentation": [
        [
          1670.2151187631011,
          796.3117282298348,
          1670.576073673513,
          817.0666355785214,
          1773.4482231409168,
          817.6080679441393,
          1773.6287005961226,
          796.4922056850406
        ]
      ],
      "bbox": [
        1670.2151187631011,
        796.3117282298348,
        103.41358183302145,
        21.29633971430451
      ],
      "ignore": 0,
      "iscrowd": 0,
      "area": 2159.3030100516044
    },
    {
      "id": 84,
      "image_id": 12,
      "category_id": 11,
      "segmentation": [
        [
          1782.472095901215,
          816.8861581233155,
          1887.6904522862962,
          817.0666355785214,
          1887.50997483109,
          1064.3207492107015,
          1781.7501860803911,
          1064.3207492107015
        ]
      ],
      "bbox": [
        1781.7501860803911,
        816.8861581233155,
        105.94026620590512,
        247.43459108738602
      ],
      "ignore": 0,
      "iscrowd": 0,
      "area": 26092.167050478514
    },
    {
      "id": 85,
      "image_id": 12,
      "category_id": 9,
      "segmentation": [
        [
          1238.2557977772308,
          1050.6316710932208,
          1238.2557977772308,
          1063.6260478680506,
          1341.849857065458,
          1063.806525323257,
          1341.30842469984,
          1050.451193638015
        ]
      ],
      "bbox": [
        1238.2557977772308,
        1050.451193638015,
        103.5940592882273,
        13.355331685241936
      ],
      "ignore": 0,
      "iscrowd": 0,
      "area": 1361.2699839738198
    },
    {
      "id": 86,
      "image_id": 13,
      "category_id": 2,
      "segmentation": [
        [
          741.3878269648799,
          1705.9371583020868,
          742.1615658717534,
          1775.186790467273,
          906.9679530358285,
          1775.9605293741467,
          907.3548224892652,
          1705.9371583020868
        ]
      ],
      "bbox": [
        741.3878269648799,
        1705.9371583020868,
        165.9669955243853,
        70.02337107205994
      ],
      "ignore": 0,
      "iscrowd": 0,
      "area": 11516.875765504315
    },
    {
      "id": 87,
      "image_id": 13,
      "category_id": 1,
      "segmentation": [
        [
          739.8403491511327,
          1703.615941581466,
          907.7416919427018,
          1705.1634193952132,
          908.5154308495756,
          1477.6841807743776,
          741.0009575114431,
          1478.0710502278143
        ]
      ],
      "bbox": [
        739.8403491511327,
        1477.6841807743776,
        168.6750816984429,
        227.47923862083553
      ],
      "ignore": 0,
      "iscrowd": 0,
      "area": 37988.42582536256
    },
    {
      "id": 88,
      "image_id": 13,
      "category_id": 2,
      "segmentation": [
        [
          739.453479697696,
          1432.8073241757093,
          906.5810835823916,
          1433.1941936291462,
          908.1285613961387,
          1475.7498335071937,
          741.3878269648799,
          1474.5892251468833
        ]
      ],
      "bbox": [
        739.453479697696,
        1432.8073241757093,
        168.67508169844268,
        42.942509331484416
      ],
      "ignore": 0,
      "iscrowd": 0,
      "area": 7038.061643479858
    },
    {
      "id": 89,
      "image_id": 13,
      "category_id": 13,
      "segmentation": [
        [
          919.7346449992428,
          1478.844789134688,
          1048.5621729936956,
          1478.0710502278143,
          1049.335911900569,
          1779.0554850016413,
          918.9609060923691,
          1780.2160933619514
        ]
      ],
      "bbox": [
        918.9609060923691,
        1478.0710502278143,
        130.37500580819994,
        302.14504313413704
      ],
      "ignore": 0,
      "iscrowd": 0,
      "area": 39033.03344991291
    },
    {
      "id": 90,
      "image_id": 13,
      "category_id": 0,
      "segmentation": [
        [
          1217.5397452166465,
          1552.644124028518,
          1379.7812891072224,
          1552.9083610706855,
          1379.7812891072224,
          1628.7443921726322,
          1217.2755081744792,
          1628.7443921726322
        ]
      ],
      "bbox": [
        1217.2755081744792,
        1552.644124028518,
        162.50578093274316,
        76.10026814411412
      ],
      "ignore": 0,
      "iscrowd": 0,
      "area": 12335.244136231951
    },
    {
      "id": 91,
      "image_id": 13,
      "category_id": 0,
      "segmentation": [
        [
          1056.6193865369055,
          1553.1725981128527,
          1216.2185600058112,
          1552.6441240285185,
          1216.2185600058112,
          1629.0086292147994,
          1056.6193865369055,
          1629.5371032991334
        ]
      ],
      "bbox": [
        1056.6193865369055,
        1552.6441240285185,
        159.59917346890575,
        76.89297927061489
      ],
      "ignore": 0,
      "iscrowd": 0,
      "area": 12187.711910092738
    },
    {
      "id": 92,
      "image_id": 13,
      "category_id": 0,
      "segmentation": [
        [
          1379.4742680385148,
          1478.144159237344,
          1536.1106514117769,
          1477.9456340366175,
          1536.7062270139565,
          1552.5911095098068,
          1379.0772176370615,
          1551.7970087069007
        ]
      ],
      "bbox": [
        1379.0772176370615,
        1477.9456340366175,
        157.62900937689506,
        74.64547547318921
      ],
      "ignore": 0,
      "iscrowd": 0,
      "area": 11651.22827388905
    },
    {
      "id": 93,
      "image_id": 13,
      "category_id": 8,
      "segmentation": [
        [
          1797.0970996440865,
          1683.225598138947,
          1887.4925917694381,
          1683.225598138947,
          1888.0739132622057,
          1779.7249659383579,
          1796.515778151319,
          1780.5969481775091
        ]
      ],
      "bbox": [
        1796.515778151319,
        1683.225598138947,
        91.55813511088672,
        97.37135003856224
      ],
      "ignore": 0,
      "iscrowd": 0,
      "area": 8818.870081378147
    },
    {
      "id": 94,
      "image_id": 14,
      "category_id": 0,
      "segmentation": [
        [
          1360.2242046823778,
          1337.8889037749914,
          1537.6812229738357,
          1339.1655729713327,
          1538.1067793726163,
          1429.3835295127935,
          1360.2242046823778,
          1429.8090859115741
        ]
      ],
      "bbox": [
        1360.2242046823778,
        1337.8889037749914,
        177.88257469023847,
        91.92018213658275
      ],
      "ignore": 0,
      "iscrowd": 0,
      "area": 16180.13246695092
    },
    {
      "id": 95,
      "image_id": 14,
      "category_id": 1,
      "segmentation": [
        [
          1537.2556665750556,
          1430.2346423103547,
          1716.4149104616354,
          1430.2346423103547,
          1715.5637976640746,
          1526.8359448335225,
          1537.6812229738362,
          1527.261501232303
        ]
      ],
      "bbox": [
        1537.2556665750556,
        1430.2346423103547,
        179.15924388657982,
        97.02685892194836
      ],
      "ignore": 0,
      "iscrowd": 0,
      "area": 17283.29244794976
    },
    {
      "id": 96,
      "image_id": 14,
      "category_id": 9,
      "segmentation": [
        [
          1537.7945120168547,
          1723.806453072829,
          1537.7945120168547,
          1746.6669207759126,
          1715.7544605977805,
          1745.9635217696634,
          1715.4027610946562,
          1722.7513545634558
        ]
      ],
      "bbox": [
        1537.7945120168547,
        1722.7513545634558,
        177.9599485809258,
        23.915566212456724
      ],
      "ignore": 0,
      "iscrowd": 0,
      "area": 4095.645554697141
    },
    {
      "id": 97,
      "image_id": 14,
      "category_id": 13,
      "segmentation": [
        [
          2350.772351223033,
          1331.6055153058746,
          2525.91819463738,
          1331.6055153058746,
          2526.83041257183,
          1747.5768934149485,
          2351.684569157482,
          1744.8402396115996
        ]
      ],
      "bbox": [
        2350.772351223033,
        1331.6055153058746,
        176.05806134879685,
        415.97137810907384
      ],
      "ignore": 0,
      "iscrowd": 0,
      "area": 72614.75287354179
    }
  ],
  "info": {
    "year": 2024,
    "version": "1.0",
    "description": "",
    "contributor": "Label Studio",
    "url": "",
    "date_created": "2024-10-17 02:07:38.294125"
  }
}