{
  "categories": [
    {
      "id": 0,
      "name": "\u4e3b\u9ad4"
    },
    {
      "id": 1,
      "name": "\u55ae\u5c64\u5f37\u5316\u5674\u7802\u73bb\u7483"
    },
    {
      "id": 2,
      "name": "\u55ae\u5c64\u5f37\u5316\u73bb\u7483"
    },
    {
      "id": 3,
      "name": "\u55ae\u9762\u73bb\u7483\u767d\u677f"
    },
    {
      "id": 4,
      "name": "\u63a8\u62c9\u9580(\u77e9\u5f62\u73bb\u7483)"
    },
    {
      "id": 5,
      "name": "\u63a8\u62c9\u9580(\u9577\u689d\u73bb\u7483)"
    },
    {
      "id": 6,
      "name": "\u7a7a\u6846"
    },
    {
      "id": 7,
      "name": "\u7a7a\u9580\u6846"
    },
    {
      "id": 8,
      "name": "\u7a97\u53f0"
    },
    {
      "id": 9,
      "name": "\u8e22\u8173\u677f"
    },
    {
      "id": 10,
      "name": "\u9580(\u5927\u73bb\u7483)"
    },
    {
      "id": 11,
      "name": "\u9580(\u7121\u73bb\u7483)"
    },
    {
      "id": 12,
      "name": "\u9580(\u77e9\u5f62\u73bb\u7483)"
    },
    {
      "id": 13,
      "name": "\u9580(\u9577\u689d\u73bb\u7483)"
    }
  ],
  "info": {
    "year": 2024,
    "version": "1.0",
    "contributor": "Label Studio"
  }
}